<?xml version="1.0" encoding="UTF-8" standalone="yes"?>
<addon id="plugin.program.nilgames" name="[COLOR green][B]TUDO XBOX BUILDS[/B][/COLOR]" version="1.0" provider-name="[COLOR green]TUDO XBOX BUILDS[/COLOR]">
  <requires>
    <import addon="xbmc.python" version="2.1.0"/>
  </requires>
  <extension point="xbmc.python.pluginsource" library="default.py">
        <provides>executable</provides>
  </extension>
  <extension point="xbmc.service" library="startup.py" start="startup" />
  <extension point="xbmc.addon.metadata">
    <summary lang="en">[COLOR green][B]TUDO XBOX BUILDS[/B][/COLOR]</summary>
    <description lang="en">[COLOR green][B]TUDO XBOX BUILDS AGORA COM BUILDS PARA PC ANDROID E XBOX ONE CONTEUDOS COMPLETOS COM ADDON TUDO XBOX SO PARA MENBROS MAIS INFORMAÇOES NA FAN PAGE TUDO XBOX[/B][/COLOR].</description>
    <platform>all</platform>
  </extension>
</addon>